2024-10-21 21:51:54,AK77211 Канал:1 Время начала:2024-10-21 21:51:54   
2024-10-21 21:02:57,LBI95781 Канал:2 Время начала:2024-10-21 21:02:57   
2024-10-21 19:37:43,5093HA1 Канал:2 Время начала:2024-10-21 19:37:43   
2024-10-21 17:18:56,5093HA1 Канал:1 Время начала:2024-10-21 17:18:56   
2024-10-21 16:44:46,5093HA1 Канал:2 Время начала:2024-10-21 16:44:46   
2024-10-21 16:34:28,1071AI1 Канал:2 Время начала:2024-10-21 16:34:28   
2024-10-21 16:02:45,AH61251 Канал:1 Время начала:2024-10-21 16:02:45   
2024-10-21 15:57:59,5093HA1 Канал:1 Время начала:2024-10-21 15:57:59   
2024-10-21 15:33:33,8552EP1 Канал:2 Время начала:2024-10-21 15:33:33   
2024-10-21 15:19:50,8552EP1 Канал:1 Время начала:2024-10-21 15:19:50   
2024-10-21 15:00:04,8700IA4 Канал:2 Время начала:2024-10-21 15:00:04   
2024-10-21 14:23:58,7583KX1 Канал:2 Время начала:2024-10-21 14:23:58   
2024-10-21 14:11:41,7583KX1 Канал:1 Время начала:2024-10-21 14:11:41   
2024-10-21 14:11:23,7583KX1 Канал:2 Время начала:2024-10-21 14:11:23   
2024-10-21 14:00:36,8531HB1 Канал:1 Время начала:2024-10-21 14:00:36   
2024-10-21 13:59:01,1506KT1 Канал:2 Время начала:2024-10-21 13:59:01   
2024-10-21 13:35:48,5157AB1 Канал:2 Время начала:2024-10-21 13:35:48   
2024-10-21 13:30:31,7583KX1 Канал:1 Время начала:2024-10-21 13:30:31   
2024-10-21 13:29:48,7583KX1 Канал:2 Время начала:2024-10-21 13:29:48   
2024-10-21 13:28:44,AH15741 Канал:2 Время начала:2024-10-21 13:28:44   
2024-10-21 13:07:29,AH15741 Канал:1 Время начала:2024-10-21 13:07:29   
2024-10-21 13:07:18,83KX1 Канал:1 Время начала:2024-10-21 13:07:18   
2024-10-21 13:06:35,7583KX1 Канал:2 Время начала:2024-10-21 13:06:35   
2024-10-21 12:53:16,7583KX1 Канал:2 Время начала:2024-10-21 12:53:16   
2024-10-21 12:53:04,8531HB1 Канал:2 Время начала:2024-10-21 12:53:04   
2024-10-21 12:53:01,7583KX1 Канал:1 Время начала:2024-10-21 12:53:01   
2024-10-21 12:52:46,7583KX1 Канал:2 Время начала:2024-10-21 12:52:46   
2024-10-21 12:33:46,7583KX1 Канал:1 Время начала:2024-10-21 12:33:46   
2024-10-21 12:33:17,7583KX1 Канал:2 Время начала:2024-10-21 12:33:17   
2024-10-21 12:32:59,7583KX1 Канал:1 Время начала:2024-10-21 12:32:59   
2024-10-21 12:32:46,7583KX1 Канал:2 Время начала:2024-10-21 12:32:46   
2024-10-21 12:31:12,5904EX1 Канал:2 Время начала:2024-10-21 12:31:12   
2024-10-21 12:28:12,Z2805 Канал:2 Время начала:2024-10-21 12:28:12   
2024-10-21 12:26:42,E135AB1 Канал:2 Время начала:2024-10-21 12:26:42   
2024-10-21 12:13:15,0219ET1 Канал:1 Время начала:2024-10-21 12:13:15   
2024-10-21 12:10:09,6011ET1 Канал:2 Время начала:2024-10-21 12:10:09   
2024-10-21 11:56:54,0295MB Канал:1 Время начала:2024-10-21 11:56:54   
2024-10-21 11:55:25,0295MB Канал:1 Время начала:2024-10-21 11:55:25   
2024-10-21 11:55:20,0295MB Канал:1 Время начала:2024-10-21 11:55:20   
2024-10-21 11:53:02,0295MB1 Канал:1 Время начала:2024-10-21 11:53:02   
2024-10-21 11:52:56,2A Канал:1 Время начала:2024-10-21 11:52:56   
2024-10-21 11:52:29,Z4L7XG Канал:1 Время начала:2024-10-21 11:52:29   
2024-10-21 09:37:45,AH61251 Канал:2 Время начала:2024-10-21 09:37:45   
2024-10-21 08:52:02,8933HB1 Канал:2 Время начала:2024-10-21 08:52:02   
2024-10-21 08:16:05,0342IM1 Канал:2 Время начала:2024-10-21 08:16:05   
2024-10-21 08:10:57,7827IB1 Канал:2 Время начала:2024-10-21 08:10:57   
2024-10-21 07:50:43,1071AI1 Канал:2 Время начала:2024-10-21 07:50:43   
2024-10-21 05:39:30,AH97511 Канал:2 Время начала:2024-10-21 05:39:30   
2024-10-21 05:32:51,3339MM1 Канал:2 Время начала:2024-10-21 05:32:51   
2024-10-21 05:16:11,AK77211 Канал:2 Время начала:2024-10-21 05:16:11   
2024-10-21 05:04:53,DNIEDER Канал:2 Время начала:2024-10-21 05:04:53   
2024-10-21 04:34:59,AE63211 Канал:2 Время начала:2024-10-21 04:34:59   
2024-10-22 19:18:53,0068IC1 Канал:2 Время начала:2024-10-22 19:18:53   
2024-10-22 18:59:52,4702HB1 Канал:2 Время начала:2024-10-22 18:59:52   
2024-10-22 18:05:26,2180IC1 Канал:2 Время начала:2024-10-22 18:05:26   
2024-10-22 17:54:33,AI03301 Канал:2 Время начала:2024-10-22 17:54:33   
2024-10-22 17:53:28,5093HA1 Канал:2 Время начала:2024-10-22 17:53:28   
2024-10-22 17:52:25,5093HA Канал:1 Время начала:2024-10-22 17:52:25   
2024-10-22 17:44:00,FAI03301 Канал:1 Время начала:2024-10-22 17:44:00   
2024-10-22 17:04:53,6557MK1 Канал:2 Время начала:2024-10-22 17:04:53   
2024-10-22 17:03:07,4035ET1 Канал:2 Время начала:2024-10-22 17:03:07   
2024-10-22 17:02:38,1071AI1 Канал:2 Время начала:2024-10-22 17:02:38   
2024-10-22 17:00:45,0219ET1 Канал:2 Время начала:2024-10-22 17:00:45   
2024-10-22 16:59:34,0219ET1 Канал:1 Время начала:2024-10-22 16:59:34   
2024-10-22 16:47:06,0219ET1 Канал:2 Время начала:2024-10-22 16:47:06   
2024-10-22 16:37:39,AK77211 Канал:1 Время начала:2024-10-22 16:37:39   
2024-10-22 16:36:52,6011ET1 Канал:2 Время начала:2024-10-22 16:36:52   
2024-10-22 16:31:44,8933HB1 Канал:1 Время начала:2024-10-22 16:31:44   
2024-10-22 16:30:50,F2180IC Канал:1 Время начала:2024-10-22 16:30:50   
2024-10-22 15:52:37,8933HB1 Канал:2 Время начала:2024-10-22 15:52:37   
2024-10-22 15:47:31,8933HB1 Канал:1 Время начала:2024-10-22 15:47:31   
2024-10-22 15:03:22,4702HB1 Канал:2 Время начала:2024-10-22 15:03:22   
2024-10-22 14:38:43,4702HB1 Канал:1 Время начала:2024-10-22 14:38:43   
2024-10-22 14:28:34,03690 Канал:1 Время начала:2024-10-22 14:28:34   
2024-10-22 14:28:27,AH76791 Канал:2 Время начала:2024-10-22 14:28:27   
2024-10-22 14:19:51,AH76791 Канал:1 Время начала:2024-10-22 14:19:51   
2024-10-22 13:19:04,AE55041 Канал:1 Время начала:2024-10-22 13:19:04   
2024-10-22 13:18:55,FAE55041 Канал:2 Время начала:2024-10-22 13:18:55   
2024-10-22 12:35:58,8933HB1 Канал:2 Время начала:2024-10-22 12:35:58   
2024-10-22 12:14:14,8933HB1 Канал:1 Время начала:2024-10-22 12:14:14   
2024-10-22 12:08:18,0342IM1 Канал:2 Время начала:2024-10-22 12:08:18   
2024-10-22 12:04:28,AE55041 Канал:1 Время начала:2024-10-22 12:04:28   
2024-10-22 12:02:35,0342IM1 Канал:1 Время начала:2024-10-22 12:02:35   
2024-10-22 11:53:08,AM16001 Канал:2 Время начала:2024-10-22 11:53:08   
2024-10-22 11:50:10,8933HB1 Канал:2 Время начала:2024-10-22 11:50:10   
2024-10-22 11:31:41,5093HA1 Канал:2 Время начала:2024-10-22 11:31:41   
2024-10-22 11:29:08,5093HA1 Канал:1 Время начала:2024-10-22 11:29:08   
2024-10-22 11:02:46,AE55041 Канал:2 Время начала:2024-10-22 11:02:46   
2024-10-22 10:55:20,8933HB1 Канал:1 Время начала:2024-10-22 10:55:20   
2024-10-22 10:40:39,8933HB1 Канал:2 Время начала:2024-10-22 10:40:39   
2024-10-22 10:39:13,8933HB1 Канал:1 Время начала:2024-10-22 10:39:13   
2024-10-22 10:37:15,8933HB1 Канал:2 Время начала:2024-10-22 10:37:15   
2024-10-22 10:34:58,1071AI1 Канал:1 Время начала:2024-10-22 10:34:58   
2024-10-22 10:34:03,1071AI1 Канал:2 Время начала:2024-10-22 10:34:03   
2024-10-22 10:22:49,0068IC1 Канал:1 Время начала:2024-10-22 10:22:49   
2024-10-22 10:16:36,6011ET1 Канал:1 Время начала:2024-10-22 10:16:36   
2024-10-22 09:49:26,5093HA1 Канал:2 Время начала:2024-10-22 09:49:26   
2024-10-22 09:48:24,AE55041 Канал:2 Время начала:2024-10-22 09:48:24   
2024-10-22 09:48:16,FAE55041 Канал:1 Время начала:2024-10-22 09:48:16   
2024-10-22 09:46:48,VI952 Канал:1 Время начала:2024-10-22 09:46:48   
2024-10-22 09:42:17,AH92201 Канал:2 Время начала:2024-10-22 09:42:17   
2024-10-22 09:41:50,AH92201 Канал:1 Время начала:2024-10-22 09:41:50   
2024-10-22 09:40:08,5093HA1 Канал:1 Время начала:2024-10-22 09:40:08   
2024-10-22 09:30:30,IA11IHI111 Канал:2 Время начала:2024-10-22 09:30:30   
2024-10-22 09:08:53,X317HC67 Канал:2 Время начала:2024-10-22 09:08:53   
2024-10-22 09:06:47,1071AI1 Канал:1 Время начала:2024-10-22 09:06:47   
2024-10-22 08:57:11,X317HC67 Канал:1 Время начала:2024-10-22 08:57:11   
2024-10-22 08:38:03,4702HB1 Канал:2 Время начала:2024-10-22 08:38:03   
2024-10-22 08:37:21,4702HB1 Канал:1 Время начала:2024-10-22 08:37:21   
2024-10-22 08:03:31,8531HB1 Канал:2 Время начала:2024-10-22 08:03:31   
2024-10-22 07:41:10,107141 Канал:2 Время начала:2024-10-22 07:41:10   
2024-10-22 07:37:43,1071AI1 Канал:1 Время начала:2024-10-22 07:37:43   
2024-10-22 06:03:00,AK77211 Канал:2 Время начала:2024-10-22 06:03:00   
2024-10-22 04:22:57,AH6125I Канал:2 Время начала:2024-10-22 04:22:57   
2024-10-22 03:30:21,WND8027A Канал:2 Время начала:2024-10-22 03:30:21   
2024-10-22 03:28:13,5H Канал:2 Время начала:2024-10-22 03:28:13   
2024-10-22 03:26:03,ND8027A Канал:1 Время начала:2024-10-22 03:26:03   
2024-10-22 00:23:20,0748ET1 Канал:2 Время начала:2024-10-22 00:23:20   
2024-10-22 00:12:24,0748ET1 Канал:1 Время начала:2024-10-22 00:12:24   
2024-10-23 23:24:42,0219ET1 Канал:1 Время начала:2024-10-23 23:24:42   
2024-10-23 23:17:49,0219ET1 Канал:2 Время начала:2024-10-23 23:17:49   
2024-10-23 23:08:47,0219ET1 Канал:1 Время начала:2024-10-23 23:08:47   
2024-10-23 22:59:34,0083BO1 Канал:2 Время начала:2024-10-23 22:59:34   
2024-10-23 22:43:35,0228HB1 Канал:2 Время начала:2024-10-23 22:43:35   
2024-10-23 22:40:37,AP60021 Канал:2 Время начала:2024-10-23 22:40:37   
2024-10-23 22:24:11,0219ET1 Канал:2 Время начала:2024-10-23 22:24:11   
2024-10-23 22:04:31,GDA74009 Канал:1 Время начала:2024-10-23 22:04:31   
2024-10-23 21:59:48,AH87471 Канал:1 Время начала:2024-10-23 21:59:48   
2024-10-23 21:02:00,Q25EF Канал:1 Время начала:2024-10-23 21:02:00   
2024-10-23 21:01:55,0219ET Канал:1 Время начала:2024-10-23 21:01:55   
2024-10-23 20:46:52,AP60021 Канал:1 Время начала:2024-10-23 20:46:52   
2024-10-23 20:24:46,GDA76113 Канал:2 Время начала:2024-10-23 20:24:46   
2024-10-23 18:51:52,0068IC1 Канал:2 Время начала:2024-10-23 18:51:52   
2024-10-23 18:50:38,0748ET1 Канал:2 Время начала:2024-10-23 18:50:38   
2024-10-23 18:46:31,WWL61671 Канал:2 Время начала:2024-10-23 18:46:31   
2024-10-23 18:31:39,0219ET1 Канал:2 Время начала:2024-10-23 18:31:39   
2024-10-23 18:30:44,LB2518A Канал:2 Время начала:2024-10-23 18:30:44   
2024-10-23 18:16:23,0748ET1 Канал:1 Время начала:2024-10-23 18:16:23   
2024-10-23 18:10:56,8933HB1 Канал:1 Время начала:2024-10-23 18:10:56   
2024-10-23 18:02:28,8933HB1 Канал:2 Время начала:2024-10-23 18:02:28   
2024-10-23 17:37:00,0219ET1 Канал:1 Время начала:2024-10-23 17:37:00   
2024-10-23 17:28:36,8933HB1 Канал:1 Время начала:2024-10-23 17:28:36   
2024-10-23 17:19:57,A120BC67 Канал:2 Время начала:2024-10-23 17:19:57   
2024-10-23 17:16:09,8933HB1 Канал:2 Время начала:2024-10-23 17:16:09   
2024-10-23 17:16:00,0219ET1 Канал:2 Время начала:2024-10-23 17:16:00   
2024-10-23 17:10:55,8613IC1 Канал:2 Время начала:2024-10-23 17:10:55   
2024-10-23 17:09:22,8613IC1 Канал:2 Время начала:2024-10-23 17:09:22   
2024-10-23 17:07:44,1071AI1 Канал:2 Время начала:2024-10-23 17:07:44   
2024-10-23 17:05:54,8613IC1 Канал:1 Время начала:2024-10-23 17:05:54   
2024-10-23 17:03:28,1071AI1 Канал:2 Время начала:2024-10-23 17:03:28   
2024-10-23 16:57:42,LB2518A Канал:2 Время начала:2024-10-23 16:57:42   
2024-10-23 16:56:32,8933HB1 Канал:1 Время начала:2024-10-23 16:56:32   
2024-10-23 16:52:25,A120BC67 Канал:1 Время начала:2024-10-23 16:52:25   
2024-10-23 16:51:48,LB2518A Канал:1 Время начала:2024-10-23 16:51:48   
2024-10-23 16:43:04,8933HB1 Канал:2 Время начала:2024-10-23 16:43:04   
2024-10-23 16:42:06,8933HB1 Канал:2 Время начала:2024-10-23 16:42:06   
2024-10-23 16:19:44,8933HB1 Канал:1 Время начала:2024-10-23 16:19:44   
2024-10-23 15:58:34,LLU1116A Канал:2 Время начала:2024-10-23 15:58:34   
2024-10-23 15:51:00,8933HB1 Канал:2 Время начала:2024-10-23 15:51:00   
2024-10-23 15:18:41,E135AB1 Канал:2 Время начала:2024-10-23 15:18:41   
2024-10-23 15:07:01,8933HB1 Канал:1 Время начала:2024-10-23 15:07:01   
2024-10-23 14:41:26,8933HB1 Канал:2 Время начала:2024-10-23 14:41:26   
2024-10-23 14:37:05,1071AI1 Канал:1 Время начала:2024-10-23 14:37:05   
2024-10-23 14:35:47,6011ET1 Канал:2 Время начала:2024-10-23 14:35:47   
2024-10-23 14:32:01,0068IC1 Канал:1 Время начала:2024-10-23 14:32:01   
2024-10-23 14:25:03,FE135AB1 Канал:1 Время начала:2024-10-23 14:25:03   
2024-10-23 14:14:54,FE135AB Канал:1 Время начала:2024-10-23 14:14:54   
2024-10-23 14:14:02,FE135AB1 Канал:1 Время начала:2024-10-23 14:14:02   
2024-10-23 14:13:03,WWL61671 Канал:1 Время начала:2024-10-23 14:13:03   
2024-10-23 14:09:33,1071AI1 Канал:2 Время начала:2024-10-23 14:09:33   
2024-10-23 13:51:26,3720ET1 Канал:1 Время начала:2024-10-23 13:51:26   
2024-10-23 13:49:51,3720ET1 Канал:1 Время начала:2024-10-23 13:49:51   
2024-10-23 13:24:42,4702HB1 Канал:2 Время начала:2024-10-23 13:24:42   
2024-10-23 13:22:39,4702HB1 Канал:1 Время начала:2024-10-23 13:22:39   
2024-10-23 12:58:12,7583KX1 Канал:2 Время начала:2024-10-23 12:58:12   
2024-10-23 12:52:17,0068IC1 Канал:2 Время начала:2024-10-23 12:52:17   
2024-10-23 12:27:48,4702HB1 Канал:2 Время начала:2024-10-23 12:27:48   
2024-10-23 12:23:49,0219ET1 Канал:1 Время начала:2024-10-23 12:23:49   
2024-10-23 12:16:11,4702HB1 Канал:1 Время начала:2024-10-23 12:16:11   
2024-10-23 12:16:05,8933HB1 Канал:1 Время начала:2024-10-23 12:16:05   
2024-10-23 11:22:25,0138MX1 Канал:1 Время начала:2024-10-23 11:22:25   
2024-10-23 11:21:52,0138MX1 Канал:2 Время начала:2024-10-23 11:21:52   
2024-10-23 11:16:53,2727IM1 Канал:2 Время начала:2024-10-23 11:16:53   
2024-10-23 11:13:41,2727IM1 Канал:1 Время начала:2024-10-23 11:13:41   
2024-10-23 11:09:44,7583KX1 Канал:1 Время начала:2024-10-23 11:09:44   
2024-10-23 10:55:19,8933HB1 Канал:1 Время начала:2024-10-23 10:55:19   
2024-10-23 10:55:12,8933HB1 Канал:2 Время начала:2024-10-23 10:55:12   
2024-10-23 10:44:09,GKII7 Канал:1 Время начала:2024-10-23 10:44:09   
2024-10-23 10:43:31,LLU50568 Канал:2 Время начала:2024-10-23 10:43:31   
2024-10-23 10:24:52,8933HB1 Канал:1 Время начала:2024-10-23 10:24:52   
2024-10-23 10:04:48,8933HB1 Канал:2 Время начала:2024-10-23 10:04:48   
2024-10-23 10:03:49,0050MB1 Канал:2 Время начала:2024-10-23 10:03:49   
2024-10-23 10:02:44,0068IC Канал:1 Время начала:2024-10-23 10:02:44   
2024-10-23 09:54:31,76011ET1 Канал:1 Время начала:2024-10-23 09:54:31   
2024-10-23 09:42:01,LLU51566 Канал:1 Время начала:2024-10-23 09:42:01   
2024-10-23 09:30:34,WOS89522 Канал:2 Время начала:2024-10-23 09:30:34   
2024-10-23 09:16:26,0050MB1 Канал:2 Время начала:2024-10-23 09:16:26   
2024-10-23 09:13:24,0050MB1 Канал:1 Время начала:2024-10-23 09:13:24   
2024-10-23 09:09:31,3670BT1 Канал:1 Время начала:2024-10-23 09:09:31   
2024-10-23 08:53:27,1071AI1 Канал:1 Время начала:2024-10-23 08:53:27   
2024-10-23 07:38:23,0138MX1 Канал:1 Время начала:2024-10-23 07:38:23   
